policy_id,scr_life,life_mort,life_longev,life_lapse,life_exps,lapse_up,lapse_down,lapse_mass,nav_base
1,5929.437677484881,946.3940233553913,0,5012.745430748023,1338.5534804949812,2647.3977743354108,0,5012.745430748023,8954.018303162458
2,5230.15160191374,499.4305414574319,0,4374.728917218551,1336.4999872449425,2296.7655688341365,0,4374.728917218551,7511.092085138853
3,6042.299294915452,1016.2946254831295,0,5114.229832268857,1338.9873775558262,2705.813268814317,0,5114.229832268857,9173.906589547994
4,5292.442295341867,539.3388395210213,0,4432.471141317133,1336.7190452133018,2329.424162507029,0,4432.471141317133,7638.070649572482
5,6167.997279449268,1094.3756846260585,0,5226.686981853299,1339.4893428959767,2771.960557867422,0,5226.686981853299,9418.540503747563
6,5360.131843361133,582.2778127386018,0,4495.065155634142,1336.950583157326,2364.7281167761867,0,4495.065155634142,7774.792563568464
7,6313.158070137996,1181.0869841782314,0,5356.806181259994,1340.0669178860298,2846.837970593424,0,5356.806181259994,9688.953827748883
8,5435.114816832389,629.3347951385404,0,4564.230251049454,1337.2062525553847,2403.5538093618898,0,4564.230251049454,7924.503887722393
9,6482.682972495713,1280.1328213002544,0,5508.652154576432,1340.7143204183376,2932.1909970807937,0,5508.652154576432,9998.379148942997
10,5519.508878269759,681.7085365290159,0,4641.872032246307,1337.4964856182105,2446.8277680365654,0,4641.872032246307,8090.885690831037
11,6678.7285460598305,1394.7007818608836,0,5683.432892354294,1341.4307408212117,3029.482557140578,0,5683.432892354294,10358.037789234679
12,5613.325413564751,740.464205314991,0,4727.70616425709,1337.8255648748254,2495.2568996015143,0,4727.70616425709,8277.438542569174
13,6903.1775657372345,1526.7512560477244,0,5882.2852428507695,1342.2326435213326,3140.1548603236333,0,5882.2852428507695,10773.979158375316
14,5719.466453374711,806.1339581622515,0,4824.523978406796,1338.209042920531,2549.768045445924,0,4824.523978406796,8485.192285069139
15,7154.898410335747,1676.5333555764992,0,6103.608903196089,1343.1223121817166,3264.646335573245,0,6103.608903196089,11246.845959274866
16,5838.463289438137,878.9231255642017,0,4932.731656668661,1338.6296072417144,2610.190364235227,0,4932.731656668661,8715.626205956152
17,7434.018762880411,1842.9127137315409,0,6347.553500448399,1344.0991258749236,3402.9099133452437,0,6347.553500448399,11772.489484717178
18,5969.4193085855195,959.3175062558275,0,5051.173489624582,1339.0752607545755,2676.4768212271465,0,5051.173489624582,8970.999960156409
19,7744.380810748602,2025.7887222282407,0,6617.962829033464,1345.1602814423568,3555.336513491522,0,6617.962829033464,12350.495872449497
20,6113.748413462544,1046.9570375282728,0,5181.2805132740095,1339.5414959822283,2748.421885488002,0,5181.2805132740095,9250.232691428093
21,8089.826114210636,2227.1179229397094,0,6918.077222055683,1346.2929487965885,3722.7120107598967,0,6918.077222055683,12988.220383912907
22,6269.722706590858,1141.841141230705,0,5321.14569782273,1340.007149795223,2825.3380418468987,0,5321.14569782273,9554.364405929824
23,8473.192358128783,2449.3192926778247,0,7249.879892922774,1347.4880925499056,3905.877392709248,0,7249.879892922774,13694.519723590256
24,6435.89020011144,1243.0768109621822,0,5469.369012221807,1340.4593786188743,2906.295673874124,0,5469.369012221807,9880.91386563522
25,8896.146693340594,2694.164945355522,0,7614.277786250725,1348.7426080833393,4105.400377390353,0,7614.277786250725,14475.715444341415
26,6610.460543012161,1350.691967066694,0,5623.9670237832115,1340.905911814647,2991.287626064668,0,5623.9670237832115,10229.674340286092
27,9359.901378717366,2963.186592178463,0,8011.737752482632,1350.068915078984,4322.125546280895,0,8011.737752482632,15336.560309783014
28,6794.226881887837,1464.0622992332374,0,5785.8383682783,1341.3663883434274,3080.5517112990165,0,5785.8383682783,10597.510440944734
29,9862.600362326482,3255.2433727672906,0,8440.461111454784,1351.4472686041336,4554.902473022463,0,8440.461111454784,16273.846475229017
30,6990.941435078372,1583.1449316322905,0,5958.882081288141,1341.847854488111,3174.3202533699023,0,5958.882081288141,10983.909187506428
31,10404.851172643606,3569.578972427018,0,8901.235248778583,1352.8689105425146,4802.959083542497,0,8901.235248778583,17285.227704011442
32,7202.434287361108,1709.9536597630413,0,6144.398276123605,1342.3472401632425,3273.2214938821344,0,6144.398276123605,11396.139284370542
33,10987.645959616666,3908.6452497330174,0,9393.977181778893,1354.3652940155298,5067.881014208706,0,9393.977181778893,18377.83447104776
34,7432.521222117396,1846.5564730411443,0,6345.698530680933,1342.8820946073938,3378.4088604383796,0,6345.698530680933,11840.69320793149
35,11615.737146902302,4273.953965472909,0,9923.036960305632,1355.9925226534033,5351.882511661235,0,9923.036960305632,19554.311345401846
36,7680.248041316116,1995.4811512176457,0,6560.838459503493,1343.4727175163243,3491.2629015938055,0,6560.838459503493,12325.550632567749
37,12296.217125505591,4668.256403237137,0,10494.834892060051,1357.7994474604566,5657.794928620286,0,10494.834892060051,20821.896717005737
38,7945.77826013253,2156.780673084457,0,6789.762881351813,1344.1587086080144,3613.0169869680685,0,6789.762881351813,12848.948874444006
39,13037.715556967805,5097.034440457872,0,11116.248236902891,1359.854190758735,5990.331859094855,0,11116.248236902891,22196.500931698
40,8230.22121927652,2329.995602638068,0,7033.622215260406,1344.9679867226878,3744.777064345897,0,7033.622215260406,13407.74860816761
41,13840.658684691442,5563.266606205885,0,11786.192385549799,1362.1818156313675,6352.307117102449,0,11786.192385549799,23687.014143321983
42,8530.621499990686,2515.5065268622457,0,7288.966483576092,1345.9196442986467,3888.0585759962833,0,7288.966483576092,14002.100622287024
43,14707.248622479,6065.122951576181,0,12507.823707862928,1364.7778313754534,6744.215543847815,0,12507.823707862928,25286.624582035263
44,8852.453588445676,2710.1741360952547,0,7562.678771372039,1347.0121344867075,4042.868861693136,0,7562.678771372039,14620.58925648994
45,15643.406014032693,6604.689625493083,0,13286.68199833612,1367.6427089381905,7168.3543073732,0,13286.68199833612,27001.985190032632
46,9202.562628140857,2918.684726202926,0,7860.364026103005,1348.2536258758191,4212.5901321920355,0,7860.364026103005,15278.932530365491
47,16657.839773294654,7186.46613581889,0,14130.252554499712,1370.7924948413274,7628.438336135827,0,14130.252554499712,28847.500087131302
48,9586.627540296487,3145.0438536197726,0,8186.529361373763,1349.6504075136036,4400.271737555828,0,8186.529361373763,15990.529273513657
49,17763.432545046984,7816.183084735436,0,15050.080031762089,1374.2536144475162,8129.002416514195,0,15050.080031762089,30841.403945844206
50,10017.683087062156,3393.2148092609423,0,8553.594361014586,1351.221395859342,4609.379266319,0,8553.594361014586,16768.032566097434
51,18970.76313058686,8500.22964497008,0,16054.79563489995,1378.0189173176623,8673.7599553623,0,16054.79563489995,33005.461366677744
52,10506.93774754525,3670.0854233932405,0,8970.83427395341,1352.9545349175605,4843.369016334105,0,8970.83427395341,17635.84150646869
53,20288.34888564383,9243.910188531081,0,17151.244469546044,1382.0632621766417,9265.186577102431,0,17151.244469546044,35358.218702962855
54,11061.578719505605,3983.287088425477,0,9442.69033130816,1354.8585740885246,5106.156647249292,0,9442.69033130816,18620.09129408353
55,21723.200075471083,10053.534502203605,0,18343.957909102137,1386.3921754572511,9906.633546562778,0,18343.957909102137,37920.467258008444
56,11687.500018794419,4337.74407350814,0,9973.159456816877,1356.9688849087688,5401.2874748880895,0,9973.159456816877,19736.18014053566
57,23296.63176045918,10933.63553352363,0,19654.738278885656,1391.0345164008177,10601.362935534591,0,19654.738278885656,40705.87894013857
58,12394.41872253416,4736.499599092611,0,10571.21448667753,1359.3192232782312,5731.72407899638,0,10571.21448667753,20992.887477857286
59,25033.023812754087,11898.647780567655,0,21103.53743816141,1396.0187430981314,11355.69200807558,0,21103.53743816141,43762.47508377969
60,13197.589006671762,5186.505057910952,0,11250.215136790488,1361.959757691322,6102.4851046981785,0,11250.215136790488,22411.97327513754
61,26944.494441131137,12962.845727329026,0,22696.205770226275,1401.375117438205,12174.96446735441,0,22696.205770226275,47137.59438866965
62,14108.326931372128,5697.35711475159,0,12017.89747392547,1364.9459968828305,6519.690430573086,0,12017.89747392547,24024.226946651324
63,29033.276329481618,14131.452432575723,0,24432.17529691536,1407.139904284646,13060.837644749,0,24432.17529691536,50846.94143860118
64,15139.5970760497,6276.553336347693,0,12884.665349073748,1368.366111791096,6989.782958992779,0,12884.665349073748,25851.61484171482
65,31298.18823956464,15403.280578417573,0,26310.59983733055,1413.3259193860285,14011.972504426085,0,26310.59983733055,54884.68421608549
66,16299.578917295741,6930.863607764462,0,13855.909218510358,1372.2949509002792,7518.936034813589,0,13855.909218510358,27914.01081812744
67,33737.92894795224,16781.9614601066,0,28327.622906300792,1420.0652843849675,15031.94934809678,0,28327.622906300792,59258.28731125026
68,17602.65065800294,7665.501870312015,0,14944.707630098063,1376.8335292877018,8114.0996163213495,0,14944.707630098063,30224.709008809732
69,36363.8859772539,18264.591307825,0,30497.975075032737,1427.5107409423508,16123.372137835613,0,30497.975075032737,63952.80553780348
70,19068.88645692046,8489.513570349125,0,16168.708329948968,1382.091821486043,8784.566249728567,0,16168.708329948968,32810.06023650017
71,39201.90997894888,19856.51201134958,0,32848.58185991662,1435.7746121660166,17291.19574540475,0,32848.58185991662,68983.37658431192
72,20727.21798284779,9412.772918003262,0,17555.284254783313,1388.1407106059341,9539.2589326804,0,17555.284254783313,35700.893449147494
73,42270.43789177293,21568.39587325722,0,35394.70956031981,1444.841198807815,18538.39859197347,0,35394.70956031981,74386.62496119706
74,22601.63768789903,10451.694733487471,0,19122.84209136317,1395.02089000438,10388.35468154875,0,19122.84209136317,38952.06267507393
75,45583.304266932566,23409.686734963354,0,38146.92213789758,1454.7191598642967,19866.630263692176,0,38146.92213789758,80194.72825727047
76,24716.000472556952,11617.767932943767,0,20892.231595449754,1402.7536995361443,11339.12375145324,0,20892.231595449754,42601.99643064517
77,49137.04870024351,25380.3238081859,0,41101.37263350116,1465.2655576200923,21269.522694870393,0,41101.37263350116,86410.15520210651
78,27088.191896498276,12921.973515176447,0,22877.82386243422,1411.3088583151984,12396.438437413104,0,22877.82386243422,46689.097393076925
79,52933.65403502801,27475.097956824902,0,44263.79675100386,1476.302798151737,22737.04111980839,0,44263.79675100386,93017.8753023115
80,29746.346906434504,14374.004100770631,0,25106.49766188905,1420.676433994231,13564.19288520771,0,25106.49766188905,51246.5338465012
81,56982.25668424154,29694.928236898297,0,47644.65130003233,1487.5968178935582,24258.69486454723,0,47644.65130003233,100022.83392299744
82,32715.201540611437,15989.726685889415,0,27597.801633964467,1430.8318205472315,14846.50582717167,0,27597.801633964467,56329.19818485339
83,61288.570239704175,32048.666233055526,0,51245.3971387551,1498.9541773424717,25825.377361154737,0,51245.3971387551,107454.49986499752
84,36015.38595094192,17782.287757177488,0,30368.017097402364,1441.780052387534,16245.257569222973,0,30368.017097402364,61981.70209695192
85,65856.54717255187,34541.23511718295,0,55067.733023084904,1510.2873245928204,27426.352028650785,0,55067.733023084904,115327.85032358405
86,39669.35503034985,19760.636790246237,0,33437.96937631746,1453.529694346129,17758.85813557994,0,33437.96937631746,68234.40476016526
87,70679.2277109271,37173.04293244227,0,59103.307141003024,1521.4647909650812,29046.978721362102,0,59103.307141003024,123641.63782336959
88,43684.9478866986,21931.44961247171,0,36812.972389923525,1465.9709624876268,19379.64064767232,0,36812.972389923525,75112.4445884948
89,75746.89982238208,39939.76120329567,0,63343.44654358234,1532.3825815669843,30670.194496595825,0,63343.44654358234,132378.80736388208
90,48062.99097460002,24295.44184627157,0,40493.697450486914,1478.981563339883,21094.779453132098,0,40493.697450486914,82620.54467091104
91,81051.91605249108,42835.87462516618,0,67782.68737317724,1542.9005321428995,32277.50236252835,0,67782.68737317724,141517.67303850764
92,52788.75020855217,26848.530882789608,0,44465.57335326058,1492.3880279425066,22885.964454323606,0,44465.57335326058,90747.5996280977
93,86612.90011176838,45857.067978019186,0,72445.67630230292,1553.2011542167747,33850.15678691637,0,72445.67630230292,151051.9820631253
94,57853.44175749087,29580.640707172133,0,48724.48743532575,1506.141388946562,24732.38008666539,0,48724.48743532575,99462.07046559235
95,92386.69818784505,49022.05379984388,0,77270.0319720266,1562.5771318252664,35374.53037118574,0,77270.0319720266,161017.47559875168
96,63226.86341861011,32478.318118768744,0,53243.500987612526,1520.009228042909,26606.19183842407,0,53243.500987612526,108723.12546337704
97,98324.8476600662,52315.2522671785,0,82208.17655847041,1570.9554963596165,36832.5869552794,0,82208.17655847041,171352.48970482283
98,68855.60178610233,35518.138948089094,0,57974.65517938312,1533.5732329657185,28472.492787570663,0,57974.65517938312,118454.39399252256
99,104369.81805352728,55711.19561437232,0,87207.91738185124,1578.3420634771464,38207.641234610404,0,87207.91738185124,181965.90583542088
100,74688.79460352671,38671.84913242236,0,62875.94926614012,1546.3452929318883,30296.121583348955,0,62875.94926614012,128557.13968450925
101,11300.148013354432,793.1103815732349,0,9824.295356205563,2417.1233498197544,6138.248525012219,0,9824.295356205563,13256.380150415338
102,10571.183964367492,388.2372699554835,0,9120.223887897875,2421.667811722218,5518.333746904929,0,9120.223887897875,11660.089550250908
103,11408.95435650772,851.9733130342502,0,9928.591171744309,2416.50979451937,6222.799958367912,0,9928.591171744309,13491.336799541954
104,10641.89678114804,417.86058431939455,0,9189.565754891148,2421.8595347003866,5575.876444730937,0,9189.565754891148,11812.792259882743
105,11515.299844624007,907.1666272392176,0,10030.65224087538,2415.8841576684936,6309.21014213431,0,10030.65224087538,13720.03639640857
106,10712.880936522028,446.20484798449615,0,9259.259622182144,2422.0324971453083,5634.778844982924,0,9259.259622182144,11965.808373554086
107,11618.455262133839,957.1163494440989,0,10129.985938072772,2415.256291536716,6396.909839973276,0,10129.985938072772,13941.242434581945
108,10784.941063397993,474.31288738186413,0,9330.044916897772,2422.1663394624193,5695.8501659157555,0,9330.044916897772,12120.935517459322
109,11720.313345294902,1003.605501499871,0,10228.359544363353,2414.5896462723467,6486.97738262717,0,10228.359544363353,14159.284680268203
110,10858.6984452953,502.1712775570486,0,9402.565099649153,2422.2551673508715,5758.688608733362,0,9402.565099649153,12279.754239509843
111,11823.296485041707,1048.6240314078168,0,10328.029840154857,2413.845524472388,6580.113320927674,0,10328.029840154857,14379.710724457516
112,10935.694144255125,532.1177723873989,0,9478.176246355717,2422.261208893615,5824.919074438039,0,9478.176246355717,12445.572721264572
113,11930.445833644884,1095.577258548903,0,10431.670768833283,2412.9676505495154,6678.1324154431495,0,10431.670768833283,14609.076244893135
114,11015.341915445742,563.2294167373911,0,9556.361931377978,2422.1916170208424,5894.254489320614,0,9556.361931377978,12617.091869402851
115,12043.054877513883,1145.9072250779427,0,10540.40159645678,2411.927518110766,6782.069880757976,0,10540.40159645678,14850.098526419039
116,11098.14567819433,595.6560423411283,0,9637.620526828585,2422.037996668063,5966.634711812541,0,9637.620526828585,12795.522476932223
117,12161.656713967846,1200.0471714241867,0,10654.689328422566,2410.710277194812,6892.449463406607,0,10654.689328422566,15103.887436917124
118,11184.951093343692,630.7444810461748,0,9722.674394235524,2421.7757018251577,6043.1946217084405,0,9722.674394235524,12982.606205385775
119,12287.433287733229,1258.4862983846106,0,10775.652504147423,2409.3000344896573,7009.138376623552,0,10775.652504147423,15373.17750252255
120,11275.833956852217,667.6426598920516,0,9811.679026383943,2421.4097984090477,6123.009020269761,0,9811.679026383943,13178.717631801235
121,12423.273759726446,1324.1443741840776,0,10905.78937564409,2407.6494058223034,7133.338359052097,0,10905.78937564409,15664.088550469387
122,11372.631345071159,708.9380215630226,0,9906.225234148282,2420.898721750811,6207.715500357532,0,9906.225234148282,13387.736455213933
123,12571.511095736894,1399.109660455404,0,11047.110231765284,2405.7238122798735,7265.608602026667,0,11047.110231765284,15981.540966886678
124,11475.346628962528,753.9842687355122,0,10006.360082646548,2420.2452448308322,6296.663436518647,0,10006.360082646548,13609.759540000567
125,12734.205818133672,1485.7290582495916,0,11201.263409997307,2403.486941301293,7407.082726453431,0,11201.263409997307,16329.542021795816
126,11585.16534268444,804.4237492762186,0,10113.08238693291,2419.4210880009778,6390.9172923711885,0,10113.08238693291,13847.205685406007
127,12911.236997526592,1584.2725804562215,0,11367.94360062822,2400.930826131662,7558.481727969396,0,11367.94360062822,16707.267478879075
128,11701.64532984779,859.7346110897197,0,10225.958590707014,2418.4272914966714,6490.490966258585,0,10225.958590707014,14098.963899082446
129,13100.875879621635,1692.6843608896597,0,11545.572017285172,2398.076856868982,7719.227935924879,0,11545.572017285172,17110.76703017691
130,11824.579707059193,919.3398111777351,0,10344.80782950249,2417.264653322185,6595.113358701419,0,10344.80782950249,14364.553004835092
131,13343.501614884952,1809.8650782848126,0,11775.752486776168,2394.9319702304783,7898.40271510891,0,11775.752486776168,17518.41236156426
132,11954.629525957025,983.7817961042019,0,10470.203185703154,2415.918350341366,6705.062038816628,0,10470.203185703154,14645.34566183589
133,13614.534550856335,1934.599282130337,0,12033.387296592511,2391.50291069175,8089.957426345602,0,12033.387296592511,17940.904149185284
134,12092.24593298714,1053.673169745729,0,10602.483833645805,2414.3725865747256,6820.955822029966,0,10602.483833645805,14942.125361659098
135,13899.864512460446,2069.108519595844,0,12303.484770996598,2387.751829044282,8291.928054673146,0,12303.484770996598,18389.36945163278
136,12237.322410465962,1128.5227062769409,0,10741.556057165508,2412.6257829438837,6942.579207652176,0,10741.556057165508,15254.61825156145
137,14205.6091553919,2213.519543212984,0,12592.21850310317,2383.668357262941,8504.835928258166,0,12592.21850310317,18864.09079052307
138,12390.647159429882,1208.972096692727,0,10888.09135688006,2410.660724526824,7070.2689200297755,0,10888.09135688006,15584.43053366628
139,14534.409562191035,2371.570592916978,0,12901.46451291666,2379.197361714818,8729.706413288965,0,12901.46451291666,19373.592665113218
140,12553.108787297657,1295.7479947388929,0,11042.839205642318,2408.45908803778,7204.354573812045,0,11042.839205642318,15933.357755635356
141,14886.278190006868,2546.292565490672,0,13230.441550965188,2374.295834452583,8967.219631939224,0,13230.441550965188,19924.734673184023
142,12725.420792144865,1389.673206337393,0,11206.339847571391,2406.0013999129296,7345.500950323723,0,11206.339847571391,16302.666260531114
143,15260.912319997138,2738.7349850574974,0,13578.380870052526,2368.9477588755544,9217.597372712306,0,13578.380870052526,20519.802828927786
144,12917.278197785561,1490.4943644284212,0,11388.499592093343,2403.2820025210676,7495.5884862754465,0,11388.499592093343,16688.224583326868
145,15656.85347206123,2948.9185317214287,0,13943.510239763636,2363.1504851382633,9480.884567647212,0,13943.510239763636,21158.702346863254
146,13169.219343169176,1599.125615744153,0,11630.719648692233,2400.279615448526,7663.513495635983,0,11630.719648692233,17074.049593259
147,16075.081684415463,3175.706416202651,0,14326.84541510354,2356.9150071604527,9757.03556779711,0,14326.84541510354,21838.684322734305
148,13434.260697458463,1716.6062202120083,0,11884.563899255314,2396.971675344452,7839.58558462371,0,11884.563899255314,17484.014089546865
149,16519.712578925977,3419.0560312393354,0,14732.440519014286,2350.2379052962933,10046.309830854298,0,14732.440519014286,22559.481751109386
150,13714.58105501952,1842.926415984286,0,12152.178683019476,2393.3491015615,8024.0033987999195,0,12152.178683019476,17918.142570730444
151,16993.964333714473,3681.3634880274185,0,15162.836437446109,2343.0869410329906,10349.353742397521,0,15162.836437446109,23326.346226154885
152,14009.91316329796,1979.2821703077934,0,12432.98390153583,2389.387239144329,8217.150958184095,0,12432.98390153583,18379.21202156885
153,17499.65809026481,3965.380640656629,0,15618.967747363422,2335.4283195328608,10666.723772124838,0,15618.967747363422,24145.28276955476
154,14320.765465096421,2125.8456323109567,0,12727.359128450582,2385.0746769833786,8419.229988074512,0,12727.359128450582,18867.6315383997
155,18037.74122287786,4273.06709492713,0,16100.989290693076,2327.240490095748,10998.694432296892,0,16100.989290693076,25020.431196599093
156,14645.806793824786,2282.8322013476864,0,13033.779642455425,2380.399044544727,8630.480533098133,0,13033.779642455425,19383.89198140666
157,18608.155226400773,4605.493447372573,0,16608.193066269407,2318.5143518430996,11345.303523446375,0,16608.193066269407,25953.871275621117
158,14986.213331210349,2449.3137185354426,0,13353.526023710801,2375.36141903064,8851.049932583759,0,13353.526023710801,19925.858539813576
159,19211.530650326556,4962.731440881675,0,17140.854058547135,2309.253388124227,11706.411038481485,0,17140.854058547135,26945.379880493536
160,15346.311708957319,2625.4633911555575,0,13690.933775062978,2369.94784397466,9081.381641197222,0,13690.933775062978,20493.917746531544
161,19850.448567424348,5344.939264562709,0,17701.29250768511,2299.460350843321,12081.930250281323,0,17701.29250768511,27994.884596444725
162,15727.568276625423,2813.894189048413,0,14046.877018590632,2364.1146178259514,9322.28733678114,0,14046.877018590632,21094.004955513956
163,20523.548513271453,5753.594591479952,0,18287.28768932396,2289.123932277871,12471.989593480888,0,18287.28768932396,29105.242683973833
164,16132.434877148806,3016.381322327972,0,14423.370618792731,2357.830161527032,9574.329915367503,0,14423.370618792731,21730.11201573658
165,21232.41672410977,6188.0257315294875,0,18900.383419663194,2278.257822036074,12876.37727785288,0,18900.383419663194,30274.438328630233
166,16558.063145352287,3234.9598702946096,0,14816.84501699514,2351.061247126374,9838.020478000224,0,14816.84501699514,22406.807656338526
167,21980.117678882787,6648.788167110848,0,19543.349451077112,2266.8619689088955,13295.181826814078,0,19543.349451077112,31503.179670179554
168,17003.460425705154,3468.3648542874143,0,15226.367126742873,2343.814842981781,10113.353807185456,0,15226.367126742873,23121.115098868613
169,22767.8033209032,7137.848055449256,0,20216.456878808123,2254.9224436556688,13728.7277233637,0,20216.456878808123,32795.268558048556
170,17469.360102654533,3715.2138932882517,0,15652.865876236232,2336.0972596790525,10400.512873950996,0,15652.865876236232,23869.776870737667
171,23592.001299042426,7656.339976502728,0,20915.277924236812,2242.4365211717086,14177.160321909992,0,20915.277924236812,34152.54061021659
172,17952.11554320131,3975.1971613697824,0,16092.49759410815,2327.900303177419,10700.06581483176,0,16092.49759410815,24651.950814512064
173,24455.897126078904,8201.996304738044,0,21643.740187647752,2229.4373311027302,14640.179285075283,0,21643.740187647752,35569.11361183209
174,18460.203150771402,4245.600525474118,0,16554.68209333562,2319.241671701806,11012.479800036934,0,16554.68209333562,25461.300218310265
175,25363.407416247755,8776.077723100054,0,22405.368525425554,2215.9202580348356,15118.32404005024,0,22405.368525425554,37046.91805570811
176,18997.237428353266,4530.666095867899,0,17042.02504753234,2310.0576625468675,11339.564405311423,0,17042.02504753234,26307.161430312146
177,26318.65923742072,9381.428319151368,0,23203.307483904064,2201.8671398160513,15612.449991735135,0,23203.307483904064,38591.277687990514
178,19566.229500305883,4834.050932092301,0,17556.559573236387,2300.295387033053,11682.931737989944,0,17556.559573236387,27197.43348326729
179,27328.386186400712,10021.489754956332,0,24043.247573919332,2187.258172420552,16123.482156737125,0,24043.247573919332,40208.69238154113
180,20176.931105237996,5158.7629049355455,0,18107.481786660937,2289.9129546379845,12044.043483494897,0,18107.481786660937,28138.446981973306
181,28398.306121340964,10701.68604238896,0,24928.907241573732,2172.0603221243946,16652.565183132916,0,24928.907241573732,41909.784999855154
182,20836.743769537985,5511.963543105259,0,18700.26730402201,2278.8277444830455,12424.892044912267,0,18700.26730402201,29145.742368078267
183,29533.981362997216,11427.261266581772,0,25863.78781338682,2156.2503469247604,17200.587965567276,0,25863.78781338682,43704.43833660585
184,21547.522551161204,5900.6950390416605,0,19334.41357423566,2266.96776468755,12827.057788466947,0,19334.41357423566,30234.35946790938
185,30737.327878766333,12203.29048011778,0,26847.337043104082,2139.8146110559464,17768.204422962852,0,26847.337043104082,45601.89062636165
186,22310.387995010457,6328.227977815346,0,20009.604938085045,2254.3097644727677,13251.200974032108,0,20009.604938085045,31410.66251342048
187,32024.508914547125,13032.166968481848,0,27895.824987131025,2122.770625809557,18355.475212164252,0,27895.824987131025,47605.23963398463
188,23131.66656003595,6796.009347812302,0,20731.523619759304,2240.854228868324,13697.634384957812,0,20731.523619759304,32676.76893269748
189,33408.45374469544,13925.949367548223,0,29017.58478288859,2105.0593798889895,18963.960953626694,0,29017.58478288859,49738.66370684479
190,24019.414066060184,7308.3413108155655,0,21506.744565465953,2226.576233155036,14167.134478922002,0,21506.744565465953,34041.06080276362
191,34890.000225776705,14896.535316618625,0,30207.245881253562,2086.6419202830875,19594.408124260837,0,30207.245881253562,52025.68380632438
192,24975.259319054192,7871.604169714556,0,22334.20005133064,2211.437833987118,14660.596627915365,0,22334.20005133064,35516.35170285002
193,36465.423103879424,15946.769847019692,0,31458.305724524544,2067.569729046547,20245.247488402965,0,31458.305724524544,54469.581078091054
194,26001.796850070652,8488.429791909119,0,23214.96964477151,2195.4473654722096,15178.027210984437,0,23214.96964477151,37106.829720741895
195,38132.68522547125,17074.163749218103,0,32768.715684218245,2047.9407462368254,20913.806390897313,0,32768.715684218245,57061.62041750754
196,27097.396539477253,9160.915883947455,0,24145.735676781915,2178.623716838716,15719.300169222668,0,24145.735676781915,38815.19265401043
197,39879.78015640095,18276.507871403766,0,34125.09982791197,2027.8482994668884,21597.64381140814,0,34125.09982791197,59793.4105463727
198,28265.607960937265,9888.086056195083,0,25129.864257922745,2161.0184696284123,16283.870672531018,0,25129.864257922745,40637.04145905719
199,41708.615721090995,19544.087159103365,0,35533.9087583377,2007.436239446164,22293.318811517616,0,35533.9087583377,62640.01865425997
200,29511.59202464598,10671.704930423759,0,26171.51573129749,2142.659234984312,16871.93631059656,0,26171.51573129749,42573.77521429479
201,1200905.4453668254,1896.3906468506902,0,1198736.9982539923,4318.840538631193,475141.2339964835,0,1198736.9982539923,2936242.7018313278
202,1202747.490427032,980.9400477553718,0,1200579.0799892393,4322.6066707386635,476013.0890400633,0,1200579.0799892393,2940873.4132044693
203,1200669.9391251986,2012.7094311858527,0,1198501.4252516648,4318.3854436385445,475022.6444912874,0,1198501.4252516648,2935650.571913327
204,1202602.2992139652,1053.0039408346638,0,1200433.9080197052,4322.316762962379,475941.90650201915,0,1200433.9080197052,2940508.4904602272
205,1200416.4634767126,2137.9820516263135,0,1198247.86256389,4317.900146718137,474890.77319540735,0,1198247.86256389,2935013.209229894
206,1202446.8589908718,1130.0874175075442,0,1200278.481927984,4322.009936683346,475864.28150664736,0,1200278.481927984,2940117.797563656
207,1200147.9295498393,2270.7690485497005,0,1197979.2170584353,4317.395514897071,474743.0919413166,0,1197979.2170584353,2934337.9181429455
208,1202276.4154620664,1214.4709819150157,0,1200108.045724197,4321.678916825447,475777.5311662364,0,1200108.045724197,2939689.3876410522
209,1199837.0575580867,2424.515157672111,0,1197668.1981059983,4316.809729152359,474571.76680241525,0,1197668.1981059983,2933556.104109369
210,1202085.9017770917,1308.7126076398417,0,1199917.5316445506,4321.312273688149,475679.4184199935,0,1199917.5316445506,2939210.516136779
211,1199461.257411029,2610.3240932864137,0,1197292.1991414481,4316.091156094335,474371.19936378347,0,1197292.1991414481,2932610.947457183
212,1201871.3113657872,1415.0015845261514,0,1199702.933669594,4320.895183108281,475569.5639212979,0,1199702.933669594,2938671.0896806265
213,1199014.2032217535,2831.318272688426,0,1196844.8765097046,4315.224792915396,474139.95523795485,0,1196844.8765097046,2931486.498537119
214,1201637.223365387,1531.1265550763346,0,1199468.8276749118,4320.437345534097,475448.7514111083,0,1199468.8276749118,2938082.6028412664
215,1198496.0896990981,3087.219185410533,0,1196326.4027738206,4314.217404903378,473876.29490781017,0,1196326.4027738206,2930183.20494667
216,1201379.377070031,1659.2309228340164,0,1199210.9511985898,4319.926762549672,475316.4822405963,0,1199210.9511985898,2937434.336820467
217,1197917.1376006592,3372.973545122426,0,1195746.9806843475,4313.097239762545,473579.39806982223,0,1195746.9806843475,2928726.7043136293
218,1201089.9777235163,1802.9249671907164,0,1198921.5030579588,4319.351194948889,475170.1880324958,0,1198921.5030579588,2936706.7091409788
219,1197280.067981252,3687.394447939936,0,1195109.3109866031,4311.870920798741,473246.5941887619,0,1195109.3109866031,2927123.7580842436
220,1200769.06072062,1962.0347113977186,0,1198600.5103441612,4318.716795813758,475008.0634184098,0,1198600.5103441612,2935899.803360208
221,1196567.50018297,4039.1386606707238,0,1194395.9732692002,4310.497746704612,472871.4403740028,0,1194395.9732692002,2925330.558714512
222,1200407.2044549775,2141.2184812226333,0,1198238.5431552706,4318.002768270671,474827.06227201177,0,1198238.5431552706,2934989.9144551535
223,1195755.9200415518,4439.604085358325,0,1193583.3913017912,4308.929258445278,472445.5183779299,0,1193583.3913017912,2923287.853066347
224,1200000.7525131367,2342.1248144879937,0,1197831.9318356777,4317.207962382119,474623.6737581752,0,1197831.9318356777,2933967.8326369897
225,1194828.8001750256,4896.639860586729,0,1192654.968022641,4307.126098089851,471964.3224694934,0,1192654.968022641,2920953.9061716604
226,1199550.5234189304,2564.7640982358716,0,1197381.4877822204,4316.324541729409,474398.58103661565,0,1197381.4877822204,2932835.547131325
227,1193778.009603801,5414.093985201791,0,1191602.4963236253,4305.065628874581,471426.38265543105,0,1191602.4963236253,2918308.063555218
228,1199067.145841691,2804.091495349072,0,1196897.833597582,4315.3728739619255,474153.82566718245,0,1196897.833597582,2931619.731437221
229,1192603.5874540268,5991.410498136189,0,1190425.938395136,4302.746979905758,470832.67496730015,0,1190425.938395136,2915350.2199225267
230,1198552.9328920138,3059.052619205788,0,1196383.2743188774,4314.356103270315,473889.3542955383,0,1196383.2743188774,2930326.1658268836
231,1191309.7437079947,6627.384754499886,0,1189129.422395149,4300.170373194851,470184.73738373676,0,1189129.422395149,2912090.699700218
232,1197994.4660713028,3336.566790102981,0,1195824.3779746115,4313.229897458106,473605.661778938,0,1195824.3779746115,2928921.0530442214
233,1189888.9536149146,7325.408184188418,0,1187705.3124970023,4297.315359770786,469483.4544726047,0,1187705.3124970023,2908510.3015426653
234,1197386.1883605786,3639.384442000184,0,1195215.571447061,4311.97290038364,473306.3823593091,0,1195215.571447061,2927390.38244003
235,1188350.119425726,8080.0557979051955,0,1186162.4265790018,4294.207737792283,468732.4263006728,0,1186162.4265790018,2904631.2126789712
236,1196718.7494226836,3971.6793814306147,0,1194547.476742798,4310.565982717089,472993.82383856643,0,1194547.476742798,2925710.629795678
237,1186694.212811846,8891.12334936671,0,1184501.6217576547,4290.854412791785,467929.8826794699,0,1184501.6217576547,2900455.587263908
238,1196008.0301952644,4325.025485823397,0,1193835.9633834295,4309.058162769303,472672.6955570313,0,1193835.9633834295,2923921.747943648
239,1184918.4529719984,9761.04412929155,0,1182719.98485995,4287.2323086624965,467078.29314122023,0,1182719.98485995,2895976.0233671837
240,1195273.4336450994,4689.612538497895,0,1193100.436722404,4307.501382287126,472347.25993614877,0,1193100.436722404,2922072.5382786915
241,1183021.90661126,10687.917065673973,0,1180816.4627290196,4283.344954018947,466184.06265827455,0,1180816.4627290196,2891189.918833334
242,1194528.3297170803,5058.818251595832,0,1192354.272994895,4305.929999062326,472019.58746191254,0,1192354.272994895,2920196.624299512
243,1181030.3975772008,11658.697367449757,0,1178816.8379329343,4279.27364071412,465246.35227854596,0,1178816.8379329343,2886162.1394064124
244,1193803.2846638942,5417.283355969936,0,1191628.0733409366,4304.432857367676,471688.96224228945,0,1191628.0733409366,2918370.9521506466
245,1178931.5981329028,12675.891144255176,0,1176708.6287165063,4275.032086307183,464254.5132383667,0,1176708.6287165063,2880861.4397335155
246,1193072.9335027281,5777.42280502012,0,1190896.4346701892,4302.9622750189155,471342.1579335942,0,1190896.4346701892,2916531.66946053
247,1176696.9691322877,13749.396879454143,0,1174463.0515238002,4270.593979733996,463193.8123419848,0,1174463.0515238002,2875215.5561006134
248,1192312.7765689343,6151.094143995084,0,1190134.803175072,4301.478580656927,470963.3809387693,0,1190134.803175072,2914617.0657676123
249,1174278.4242461289,14894.854641290382,0,1172031.6580529048,4265.9132522693835,462044.5863036439,0,1172031.6580529048,2869102.8812857238
250,1191503.4657401624,6547.9169798549265,0,1189323.7733905485,4299.946266150102,470537.4238385791,0,1189323.7733905485,2912578.3244137657
251,1171638.6780751033,16135.190505228005,0,1169376.6449028794,4260.88525500102,460776.49934819667,0,1169376.6449028794,2862428.0996427108
252,1190589.711512279,6993.853149479721,0,1188407.91631153,4298.243070482276,470045.1876495611,0,1188407.91631153,2910276.0935170446
253,1168727.0660378376,17490.590361150447,0,1166446.7475500752,4255.398834408261,459380.4455476231,0,1166446.7475500752,2855062.2465026327
254,1189522.4630353819,7512.691582962405,0,1187338.0146807581,4296.242927033454,469475.5118229259,0,1187338.0146807581,2907586.581793735
255,1165515.0582032145,18980.42837017961,0,1163212.7111807952,4249.3505362547,457831.93533102097,0,1163212.7111807952,2846931.420373553
256,1188281.9035318033,8114.208524527028,0,1186094.1000405275,4293.89991396945,468821.30275259353,0,1186094.1000405275,2904459.5630882718
257,1161990.3836613959,20614.80448840186,0,1159661.530461567,4242.690352547914,456106.4499465283,0,1159661.530461567,2838002.6249873796
258,1186863.3181087696,8800.452472289093,0,1184671.3144199555,4291.205432481598,468077.90543284593,0,1184671.3144199555,2900882.796965508
259,1158026.0890875128,22439.441720699426,0,1155664.735715911,4235.189037970267,454202.30246659415,0,1155664.735715911,2827953.106753938
260,1185233.4806899286,9584.602919680066,0,1183036.1887035433,4288.100169466343,467238.21848775307,0,1183036.1887035433,2896772.2088396335
261,1153571.7396396657,24497.421383090317,0,1151170.0349210252,4226.613417014945,452071.5613085283,0,1151170.0349210252,2816650.555122014
262,1183360.6270419683,10485.79919655947,0,1181156.6178755143,4284.48328355886,466292.44451972423,0,1181156.6178755143,2892046.9279409302
263,1148614.847118939,26796.020351178944,0,1146163.3843549315,4216.899990793318,449715.24906550907,0,1146163.3843549315,2804059.3120375434
264,1181226.8135910882,11508.876158540603,0,1179014.33508616,4280.335052846465,465240.9733429109,0,1179014.33508616,2886661.116727054
265,1143168.3789728123,29323.3364289999,0,1140656.3954368327,4206.097927627619,447143.4525525691,0,1140656.3954368327,2790208.474097652
266,1178819.5519559532,12657.483248583507,0,1176596.475619443,4275.65198352281,464077.3974617305,0,1176596.475619443,2880582.4889900414
267,1137224.7743522436,32068.841674061026,0,1134640.0127639456,4194.258845969569,444374.5493380837,0,1134640.0127639456,2775075.407795895
268,1176155.928958982,13923.412054767832,0,1173919.8140420483,4270.488498532213,462793.36257618526,0,1173919.8140420483,2873853.1563427225
269,1130829.4856557872,34997.812069936655,0,1128158.83126087,4181.567118551582,441414.44509194465,0,1128158.83126087,2758772.331720343
270,1173202.0218960766,15310.203876945656,0,1170949.9642635481,4264.850225222763,461385.54067480005,0,1170949.9642635481,2866386.9746157164
271,1123972.2091705664,38110.27974738274,0,1121200.7584983273,4168.029514138121,438233.6362980176,0,1121200.7584983273,2741268.5338269626
272,1169933.424097103,16830.624421279877,0,1167661.87296391,4258.700754167512,459820.6795615647,0,1167661.87296391,2858120.8195466236
273,1116570.3370576836,41440.5974492738,0,1113679.9587300478,4153.465845676139,434794.5736312093,0,1113679.9587300478,2722347.6553723235
274,1166253.7581121293,18528.249145649374,0,1163957.9378843391,4251.857341481373,458053.78320987336,0,1163957.9378843391,2848809.2485611895
275,1108559.432278747,45016.44292592537,0,1105528.3485236473,4137.7069471487775,431066.0650558807,0,1105528.3485236473,2701837.718421706
276,1162056.4890053363,20433.28570246836,0,1159730.2584901252,4244.19163715234,456074.9384299908,0,1159730.2584901252,2838181.33766809
277,1099853.228134204,48858.036945914384,0,1096655.56287628,4120.663405316882,427010.52918769093,0,1096655.56287628,2679511.231203953
278,1157272.3731732932,22586.28988259984,0,1154907.6973985902,4235.527736248914,453812.06010310585,0,1154907.6973985902,2826057.6786526837
279,1090370.2289818756,52979.05464013247,0,1086975.5735030388,4102.266013852321,422580.360092205,0,1086975.5735030388,2655151.409718808
280,1151805.5924107635,25025.924117732327,0,1149392.0611441962,4225.697447290644,451208.84529015934,0,1149392.0611441962,2812191.133891716
281,1079974.5588149284,57422.93021187326,0,1076345.6038363986,4082.260681330692,417702.71771055786,0,1076345.6038363986,2628398.0386731355
282,1145474.218244328,27817.505946796387,0,1142997.8035138021,4214.369132454041,448238.1800331059,0,1142997.8035138021,2796115.105429382
283,1068605.1549606388,62252.8711913391,0,1064695.1651635852,4060.220315132756,412319.4852031404,0,1064695.1651635852,2598806.2846916565
284,1138171.2309886294,31016.381093510892,0,1135613.4658839814,4201.2421488165855,444821.20362628717,0,1135613.4658839814,2777548.263951215
285,1056240.405293757,67512.86285655061,0,1051992.2313627244,4035.800129433628,406386.114287436,0,1051992.2313627244,2565964.667729186
286,1129808.7507857815,34665.17069603037,0,1127145.8503315833,4186.053819017485,440891.55594279245,0,1127145.8503315833,2756255.004864722
287,1042651.0930793551,73226.68659508694,0,1037995.8207185972,4008.676916438155,399824.87337233033,0,1037995.8207185972,2529768.375479956
288,1120280.9602398542,38812.37315059872,0,1117482.2428466426,4168.474396734964,436398.58023439534,0,1117482.2428466426,2731950.344683212
289,1027826.7613976655,79393.56066004746,0,1022683.660046638,3978.627436671406,392618.1201931909,0,1022683.660046638,2490169.2230581325
290,1109500.9760910259,43490.01418106817,0,1106527.6632394874,4148.250014490914,431302.41247646185,0,1106527.6632394874,2704393.8023857116
291,1011800.807770494,85998.89962820755,0,1006076.7277477083,3945.4855467649177,384771.74655119283,0,1006076.7277477083,2447215.7735817614
292,1097561.1521940602,48720.83313924959,0,1094365.0342030476,4125.157082455233,425606.8048276864,0,1094365.0342030476,2673283.4323248933
293,994608.7267776182,93030.0717767356,0,988196.2607846102,3909.1041304254904,376302.11261392594,0,988196.2607846102,2400917.517330153
294,1084385.7993857407,54503.1474811784,0,1080908.2842516243,4099.090294870548,419281.66383767175,0,1080908.2842516243,2638474.095580119
295,976138.9487602913,100505.47617369564,0,968910.5021037755,3869.2178608821705,367216.82319664396,0,968910.5021037755,2351082.6028278316
296,1069771.749337053,60842.401431431994,0,1065941.4460216279,4069.882887379732,412268.86376794986,0,1065941.4460216279,2599794.303647338
297,956529.7988569061,108329.71432402404,0,948347.7807616817,3826.1625392269343,357596.9750536592,0,948347.7807616817,2298078.9255249756
298,1053703.301875855,67714.43161480548,0,1049435.7338992755,4037.4522248744033,404554.7241379535,0,1049435.7338992755,2557190.764898183
299,935973.8098140946,116372.66656713234,0,926696.6886538602,3780.4797744276,347535.4608443398,0,926696.6886538602,2242406.3150801933
300,1036225.5569429123,75065.9179625581,0,1031423.6307458037,4001.8388846497983,396138.6461830572,0,1031423.6307458037,2510715.051976551
